Kreisnummer,Kreisname,Wahlberechtigte,Wahlbeteiligung,GültigeZweitstimmen,CDUCSU,SPD,GRUENE,FDP,LINKE,AfD,Sonstige,AQ,BIPpEW,nuts
1001,"      Flensburg, Kreisfreie Stadt",70105,70.9,49271,0.271599926934708,0.246432993038501,0.150514501430862,0.102961173915691,0.115666416350389,0.0751354752288364,0.0376895131010128,8.9,42827,37
1002,"      Kiel, Landeshauptstadt, Kreisfreie Stadt",186988,74.1,137368,0.258611903791276,0.240907634965931,0.174676780618485,0.114269698910955,0.107004542542659,0.0693320132782016,0.0351974258924932,9.1,45821,37
1003,"      Lübeck, Hansestadt, Kreisfreie Stadt",166673,71.4,117879,0.289347551302607,0.255422933686238,0.129140898718177,0.107449163973227,0.0969723190729477,0.0887435421067366,0.0329235911400674,8.6,38078,37
1004,"      Neumünster, Kreisfreie Stadt",60378,66.8,39861,0.311256616743183,0.257193748275257,0.104839316625273,0.121171069466396,0.0710218007576328,0.103459521838388,0.0310579262938712,9.2,39621,37
1051,"      Dithmarschen, Landkreis",107148,72.8,77337,0.367223967829112,0.233872531905815,0.0804530819659413,0.145635336255609,0.0616005275611932,0.0856769722125244,0.0255375822698062,6.8,31456,37
1053,"      Herzogtum Lauenburg, Landkreis",151988,77.4,116734,0.34216252334367,0.229684582041222,0.104699573389073,0.127829081501533,0.066244624530985,0.102189593434646,0.0271900217588706,5.5,21795,37
1054,"      Nordfriesland, Landkreis",131595,75.3,98348,0.387023630373775,0.222454955870989,0.12103957375849,0.125920201732623,0.0628075812421198,0.0580591369422866,0.0226949200797169,6.1,35275,37
1055,"      Ostholstein, Landkreis",165689,75.9,124741,0.356049735051026,0.247777394761947,0.0971613182514169,0.133139865801942,0.0602849103342125,0.0845992897283171,0.0209874860711394,5.6,25083,37
1056,"      Pinneberg, Landkreis",238533,78.7,186372,0.342664134097397,0.229267271907797,0.11448071598738,0.132718434099543,0.0703485502114052,0.0857263966690275,0.0247944970274505,5,28051,37
1057,"      Plön, Landkreis",104905,80.2,83501,0.341971952431707,0.231637944455755,0.136369624315876,0.128285888791751,0.0631968479419408,0.0768613549538329,0.0216763871091364,5,19356,37
1058,"      Rendsburg-Eckernförde, Landkreis",218493,78.8,170968,0.361447756305274,0.227416826540639,0.125666791446353,0.123871133779421,0.0632223574002152,0.0734523419587291,0.0249227925693697,4.9,28197,37
1059,"      Schleswig-Flensburg, Landkreis",158366,77.2,121194,0.370793933693087,0.233064343119296,0.122844365232602,0.114543624271829,0.0685099922438405,0.0656055580309256,0.0246381834084196,6,25656,37
1060,"      Segeberg, Landkreis",211659,77.1,161953,0.352200947188382,0.222441078584528,0.105011947910814,0.135372608102351,0.0678097966694041,0.0899705470105524,0.0271930745339697,4.7,30561,37
1061,"      Steinburg, Landkreis",105066,75.4,78539,0.360546989393804,0.230000381975834,0.10626567692484,0.123416391856275,0.069608729421052,0.0823285246820051,0.0278333057461898,6.1,31402,37
1062,"      Stormarn, Landkreis",188426,80.9,151575,0.34560448622794,0.217298367144978,0.117044367474847,0.140372752762659,0.0651492660399142,0.0909912584529111,0.0235395018967508,3.4,32833,37
2000,  Hamburg,1296656,76,978118,0.272269807937284,0.23500436552645,0.139421828450146,0.107972657695697,0.121739912771261,0.0782226684305984,0.0453687591885642,6.8,62793,15
3101,"      Braunschweig, Kreisfreie Stadt",192041,76.9,146657,0.290023660650361,0.263846935366195,0.117928227087694,0.100124780951472,0.0932311447799969,0.0836509679047028,0.0511942832595785,5.8,46928,20
3102,"      Salzgitter, Kreisfreie Stadt",73810,71.7,52313,0.260241240227095,0.335805631487393,0.0482671611262975,0.0663506203047044,0.0821019631831476,0.164375967732686,0.0428574159386768,10.5,49597,20
3103,"      Wolfsburg, Kreisfreie Stadt",89886,73.9,65779,0.341263929217531,0.288587543136867,0.0616914212742669,0.0825947490840542,0.072241900910625,0.116815397011204,0.036805059365451,4.9,178706,20
3151,"      Gifhorn, Landkreis",135685,77.3,103996,0.361715835224432,0.272664333243586,0.0707046424862495,0.08686872572022,0.0590599638447633,0.114206315627524,0.0347801838532251,4.7,22131,20
3153,"      Goslar, Landkreis",109372,74,80302,0.310677193594182,0.318298423451471,0.0619411720754153,0.0909068267290977,0.0700480685412568,0.111367089238126,0.0367612263704515,7.1,27997,20
3154,"      Helmstedt, Landkreis",73708,74.5,54339,0.347669261488066,0.311562597765877,0.0576933694031911,0.0793352840501297,0.0633798928946061,0.0991368998325328,0.0412226945655975,6.9,20232,20
3155,"      Northeim, Landkreis",108355,75.4,81103,0.325327053253271,0.333292233332922,0.0679752906797529,0.0884924108849241,0.057087900570879,0.0951752709517527,0.0326498403264984,5.8,28348,20
3157,"      Peine, Landkreis",103238,77.5,79471,0.310138289438915,0.338689584880019,0.0706169546123743,0.0781920448968806,0.0613808810761158,0.103220042531238,0.0377622025644575,5.3,21113,20
3158,"      Wolfenbüttel, Landkreis",96897,79.8,76821,0.314510355241405,0.304382916129704,0.0808893401543849,0.0910167792660861,0.0707488837687612,0.0987230054282032,0.0397287200114552,5.5,19955,20
3241,"      Region Hannover, Landkreis",846165,77.3,649332,0.299409239033345,0.27497951741174,0.10625689169793,0.100390863225592,0.0823738857779995,0.0942892079860534,0.0423003948673406,7.1,43240,21
3251,"      Diepholz, Landkreis",169438,76.7,129054,0.376547801695414,0.253552776357184,0.0819036992266803,0.10693198196104,0.062253010367753,0.0842050614471462,0.0346056689447828,4.2,29544,21
3252,"      Hameln-Pyrmont, Landkreis",116772,74.6,86471,0.326016814885916,0.302517607059014,0.0756091637658868,0.0860866648934325,0.0725561170797146,0.105399498097628,0.0318141342184085,6.8,32843,21
3254,"      Hildesheim, Landkreis",218349,77.7,168297,0.326036708913409,0.309435105795112,0.0879754243985335,0.0824494791945192,0.064956594591704,0.0932577526634462,0.0358889344432759,6.4,27137,21
3255,"      Holzminden, Landkreis",56413,74.6,41702,0.310680542899621,0.340295429475804,0.0666155100474797,0.101865617955973,0.0537384298115198,0.0962064169584192,0.0305980528511822,6.7,30057,21
3256,"      Nienburg (Weser), Landkreis",94684,73.3,68935,0.374309131790817,0.279495176615652,0.081134401972873,0.0847174874882135,0.0522956408210633,0.0980633930514253,0.029984768259955,5.3,29267,21
3257,"      Schaumburg, Landkreis",124612,76.7,94943,0.32999799879928,0.303582149289574,0.0806799869395321,0.0874735367536311,0.0589932907112689,0.102714260135028,0.0365587773716862,6,24110,21
3351,"      Celle, Landkreis",139291,75.3,104208,0.369779671426378,0.242035160448334,0.0721825579610011,0.108245048364809,0.0545351604483341,0.117399815753109,0.0358225855980347,7.1,28469,22
3352,"      Cuxhaven, Landkreis",158327,75.6,118888,0.379659847924097,0.27815254693493,0.0704696857546599,0.0810678958347352,0.0679126572908956,0.0891343112845703,0.033603054976112,5.5,21509,22
3353,"      Harburg, Landkreis",199081,81.3,160855,0.359423082900749,0.219930993752137,0.102017344813652,0.11711790121538,0.0628951540207019,0.0997606540051599,0.0388548692922197,4.1,23393,22
3354,"      Lüchow-Dannenberg, Landkreis",39216,74.1,28853,0.329497799188992,0.240702873184764,0.133400339652722,0.0771496898069525,0.0982913388555783,0.0776695664229023,0.0432883928880879,8.1,24523,22
3355,"      Lüneburg, Landkreis",141649,79,111286,0.308700106033104,0.232913394317345,0.135300037740596,0.0964451952626566,0.0886814154520784,0.0921679276818288,0.0457919235123915,5.6,26597,22
3356,"      Osterholz, Landkreis",90283,78.4,70260,0.342613151152861,0.268602334187304,0.0896100199259892,0.0857244520352975,0.0817819527469399,0.095886706518645,0.0357813834329633,3.8,19735,22
3357,"      Rotenburg (Wümme), Landkreis",128993,77,98632,0.410404331251521,0.250283883526644,0.080430286316814,0.085732825046638,0.0580136264092789,0.0807141698434585,0.0344208776056452,4.3,31552,22
3358,"      Heidekreis, Landkreis",108680,75.2,81087,0.376607840960943,0.281327463095194,0.0729216767175996,0.0830219393984239,0.0554712839296065,0.0970809130933442,0.0335688828048886,6.1,30694,22
3359,"      Stade, Landkreis",157077,77.1,120411,0.372025811595286,0.248548720631836,0.0835804037837075,0.0987783508151249,0.0648860984461553,0.0947089551619038,0.0374716595659865,5.6,30357,22
3360,"      Uelzen, Landkreis",75321,76,56798,0.357829501038769,0.276013239902813,0.0872565935420261,0.0889820064086764,0.0636290010211627,0.0936652699038698,0.0326243881826825,5.8,26309,22
3361,"      Verden, Landkreis",105853,77.7,81538,0.355208614388383,0.259694866197356,0.0951212931393951,0.091258063724889,0.0651107459098825,0.0973533812455542,0.03625303539454,4.8,29941,22
3401,"      Delmenhorst, Kreisfreie Stadt",57062,70.3,39691,0.305787206167645,0.294500012597314,0.065757980398579,0.0836461666372729,0.0790859388778312,0.130634148799476,0.0405885465218815,10.2,22502,23
3402,"      Emden, Kreisfreie Stadt",38327,71.5,27110,0.22515676872003,0.382478790114349,0.0852452969383991,0.0711176687569163,0.099520472150498,0.099852452969384,0.0366285503504242,8.7,70448,23
3403,"      Oldenburg (Oldenburg), Kreisfreie Stadt",129052,77.9,99807,0.269450038574449,0.256394842045147,0.151412225595399,0.0953239752722755,0.115813520093781,0.0669091346298356,0.044696263789113,7.3,43934,23
3404,"      Osnabrück, Kreisfreie Stadt",123090,75.9,92810,0.320019394461804,0.239521603275509,0.141083934920806,0.0995905613619222,0.0994720396508997,0.0621592500808103,0.0381532162482491,7.5,48732,23
3405,"      Wilhelmshaven, Kreisfreie Stadt",62279,70.5,43328,0.299159896602659,0.300383124076809,0.0717088257016248,0.0901033973412112,0.0866875923190547,0.106466949778434,0.0454902141802068,11.4,38804,23
3451,"      Ammerland, Landkreis",97201,77.6,74874,0.354248470764217,0.266100381975051,0.0896038678312899,0.115153457809119,0.0640008547693458,0.0794267703074499,0.0314661965435265,4.3,27862,23
3452,"      Aurich, Landkreis",153214,75.2,113961,0.293503918007038,0.377181667412536,0.0718842411000254,0.0715244688972543,0.0653205921323962,0.0892410561507884,0.0313440562999623,6.9,25464,23
3453,"      Cloppenburg, Landkreis",119275,72.8,86177,0.524977662253269,0.186476670109194,0.0441649163930051,0.0877032154751268,0.0459287280828991,0.0906042215440315,0.0201445861424742,4.8,32209,23
3454,"      Emsland, Landkreis",237596,77.5,182983,0.526010613007766,0.202603520545624,0.0545077958061678,0.089314307886525,0.0439385079488258,0.063005853002738,0.0206194018023532,3,39728,23
3455,"      Friesland, Landkreis",81078,76,60979,0.329605273946769,0.306236573246527,0.0786664261467062,0.100608406172617,0.0673674543695371,0.0822086292002165,0.0353072369176274,5.3,26109,23
3456,"      Grafschaft Bentheim, Landkreis",97190,77.2,74582,0.447118607706953,0.280215065297257,0.0624815639162264,0.0886272827223727,0.0483628757609075,0.0525327827089646,0.0206618218873187,3.7,29701,23
3457,"      Leer, Landkreis",130599,74.3,96239,0.34170138924968,0.334635646671308,0.0667816581635304,0.0712497012645601,0.062126580700132,0.0922079406477623,0.0312970833030268,6,27338,23
3458,"      Oldenburg, Landkreis",100619,78.8,78819,0.352808333016151,0.24988898615816,0.0902447379438968,0.116076073028077,0.0658724419239016,0.0890521321001281,0.0360572958296857,3.7,22689,23
3459,"      Osnabrück, Landkreis",272761,77,208554,0.407630637628624,0.257175599604898,0.084414588068318,0.0943113054652512,0.0608139858262129,0.0703414942892488,0.0253123891174468,3.4,28717,23
3460,"      Vechta, Landkreis",100767,76.3,76339,0.537864001362344,0.167673142168485,0.0576507420846487,0.101389853155006,0.0417479925071065,0.0699118406057192,0.02376242811669,3.9,42430,23
3461,"      Wesermarsch, Landkreis",70015,72.5,50309,0.32958317597249,0.322745433222684,0.0755729591126836,0.0915740722335964,0.0643224870301537,0.0832455425470592,0.0329563298813334,6.8,34866,23
3462,"      Wittmund, Landkreis",45987,73.2,33289,0.361590915918171,0.315960227102046,0.0624831025263601,0.0876866232088678,0.0562948721799994,0.0860344257862958,0.0299498332782601,6.3,25043,23
4011,  Bremen,474151,70.8,332323,0.250987743851614,0.267643226619885,0.11053402864081,0.093451250740996,0.134294045251156,0.100035206711543,0.0430544981839957,10.2,47482,14
4011,"      Bremen, Kreisfreie Stadt",393286,72.2,281286,0.250456830414596,0.260137369083424,0.116361994553586,0.0966596275676713,0.137891683197884,0.0954580035977617,0.0430344915850771,9.7,49439,14
4012,"      Bremerhaven, Kreisfreie Stadt",80865,64.1,51037,0.253913827223387,0.309011109587162,0.078413699864804,0.0757685600642671,0.114465975664714,0.125262064776535,0.0431647628191312,13,37802,14
5111,"      Düsseldorf, Kreisfreie Stadt",413939,76.5,314456,0.304201541710128,0.212147327448037,0.100258859745084,0.175595313811789,0.0915422189431908,0.0794928384257257,0.0367618999160455,7.4,79619,26
5112,"      Duisburg, Kreisfreie Stadt",328202,68.7,221408,0.241978609625668,0.327991761815291,0.0557206605000723,0.0942152045093222,0.0854305174158115,0.132529086573204,0.0621341595606302,12.5,33634,26
5113,"      Essen, Kreisfreie Stadt",419680,73.9,307703,0.273377250140558,0.283240657387156,0.0762683496748488,0.125689382293965,0.0820563985401507,0.114249779820151,0.0451181821431705,11.4,41512,26
5114,"      Krefeld, Kreisfreie Stadt",163278,71.5,115709,0.318963952674381,0.248787907595779,0.0775047749094712,0.146228901814033,0.0811777821949892,0.0826988393296978,0.0446378414816479,10.4,37399,26
5116,"      Mönchengladbach, Kreisfreie Stadt",190552,69.3,130836,0.357592711486135,0.233475496040845,0.0624369439603779,0.137164083279831,0.0735806658717784,0.0945687731205479,0.0411813262404843,10.2,33442,26
5117,"      Mülheim an der Ruhr, Kreisfreie Stadt",124310,77.5,95572,0.284183652115682,0.282540911564056,0.0738186916670154,0.139298120788515,0.0773762189762692,0.105878290712761,0.0369041141757,8,33188,26
5119,"      Oberhausen, Kreisfreie Stadt",152264,72,108531,0.259566391169343,0.333628179967014,0.0523168495637191,0.0953276022518912,0.0827229086620413,0.131077756585676,0.0453603118003151,10.8,27769,26
5120,"      Remscheid, Kreisfreie Stadt",77247,71.9,54977,0.31771468068465,0.258762755334049,0.0632810084217036,0.133692271313458,0.0725939938519745,0.106353566036706,0.0476017243574586,8.5,34736,26
5122,"      Solingen, Kreisfreie Stadt",112624,72.8,81222,0.313523429612666,0.248097806013149,0.0748073182142769,0.144172761074586,0.0813695796705326,0.0969441776858487,0.0410849277289404,8.3,31277,26
5124,"      Wuppertal, Kreisfreie Stadt",241103,73.2,174837,0.272979975634448,0.257737206655342,0.0853652258961204,0.12768464341072,0.104034043137322,0.108277996076345,0.0439209091897024,9.3,37186,26
5154,"      Kleve, Kreis",226096,74.8,167658,0.415727254291474,0.23450118694008,0.0602297534266185,0.135317133688819,0.0558637225781054,0.0693137219816531,0.0290472270932494,6.2,28744,26
5158,"      Mettmann, Kreis",368473,77.6,283605,0.334010331270605,0.23655436258176,0.071913400680524,0.160251053401738,0.0658451014615398,0.0951287882794732,0.0362969623243596,6.2,38941,26
5162,      Rhein-Kreis Neuss,334133,77.2,255871,0.369776176276327,0.218942357672421,0.0636375361021765,0.168295742776634,0.0581386714399053,0.0856603522868946,0.0355491634456425,5.7,39971,26
5166,"      Viersen, Kreis",227423,76.2,172018,0.380628771407643,0.223046425374089,0.0673824832284994,0.160308804892511,0.0601216151798068,0.074649164622307,0.0338627352951435,6.4,28129,26
5170,"      Wesel, Kreis",357666,77.1,273343,0.314110842421427,0.299908905660653,0.0614722162264993,0.119801860665903,0.0715328360338476,0.0963953713832072,0.0367779676084626,6.9,27614,26
5314,"      Bonn, Kreisfreie Stadt",227583,79.3,179208,0.297609481719566,0.201547921967769,0.140601982054373,0.156873577072452,0.0956039908932637,0.0733002990937905,0.0344627471987858,6.7,71222,27
5315,"      Köln, Kreisfreie Stadt",732825,75.8,552188,0.263781538171782,0.229972400704108,0.135549848964483,0.137855223221077,0.114678334190529,0.0724735054003347,0.0456891493476859,8.4,59407,27
5316,"      Leverkusen, Kreisfreie Stadt",116593,75.2,86757,0.308309415954909,0.272980854570813,0.0694583722350934,0.129949168366818,0.0743340594995217,0.103000334266976,0.0419677951058704,8.1,46572,27
5334,      Städteregion Aachen (einschl. Stadt Aachen),407521,77,311408,0.293772157426913,0.305714689410677,0.0846285259209783,0.125263320145918,0.0788804398088681,0.0742562811488465,0.0374845861377999,7.8,37124,27
5358,"      Düren, Kreis",199675,75.9,150134,0.349101469354044,0.291845950950484,0.0546045532657493,0.114264590299333,0.0586742510024378,0.0961274594695405,0.0353817256584118,7.1,28004,27
5362,      Rhein-Erft-Kreis,345328,77.1,264200,0.333758516275549,0.25893262679788,0.0693830431491295,0.144046177138531,0.0616805450416351,0.0959500378501136,0.0362490537471612,6.7,35213,27
5366,"      Euskirchen, Kreis",150407,75.1,111864,0.37534863763141,0.224397482657513,0.0593756704569835,0.149744332403633,0.0580973324751484,0.0989236930558536,0.0341128513194593,5.4,26182,27
5370,"      Heinsberg, Kreis",190051,74.9,140890,0.394669600397473,0.258506636382994,0.0516786145219675,0.114351621832635,0.0561359926183547,0.0873944211796437,0.0372631130669316,5.7,24456,27
5374,      Oberbergischer Kreis,208418,75.1,155034,0.36486835145839,0.226260046183418,0.0644697292206871,0.137731078344105,0.0637731078344105,0.105867100119974,0.037030586839016,5.3,35027,27
5378,      Rheinisch-Bergischer Kreis,217425,80.2,172529,0.356015510435927,0.209941517078288,0.0903094552220206,0.166853108752731,0.064000834642292,0.0798532420636531,0.0330263318050878,6,25661,27
5382,      Rhein-Sieg-Kreis,453435,79.1,355920,0.347715778826703,0.212140368622162,0.0813356934142504,0.161297482580355,0.0678635648460328,0.0940183187233086,0.0356287929871881,5.2,27570,27
5512,"      Bottrop, Kreisfreie Stadt",88352,75.1,65788,0.280841490849395,0.325104882349365,0.0480482762813887,0.103757524168541,0.0717304067611114,0.125311606979996,0.0452058126102025,7.7,21229,28
5513,"      Gelsenkirchen, Kreisfreie Stadt",175210,68.2,118066,0.224044178679722,0.334761912828418,0.046490945742212,0.0917622346822963,0.0737130079785882,0.170353869869395,0.0588738502193688,14,29284,28
5515,"      Münster, Kreisfreie Stadt",232294,82.3,190126,0.327551202886507,0.208882530532384,0.145897983442559,0.135089361791654,0.101443253421415,0.0494040793999769,0.0317315885255041,5.4,56612,28
5554,"      Borken, Kreis",278058,78.1,215672,0.469453614748322,0.213806150079751,0.0567945769501836,0.130508364553581,0.0437191661411773,0.0613709707333358,0.0243471567936496,3.7,35343,28
5558,"      Coesfeld, Kreis",172726,81.1,139233,0.439184676046627,0.21137230397966,0.0735026897359103,0.135930418794395,0.0537444427685965,0.0621835340759734,0.0240819345988379,3,27375,28
5562,"      Recklinghausen, Kreis",473084,74,347120,0.29579972343858,0.313064646231851,0.0530306522240147,0.10471306752708,0.0684028578013367,0.122810555427518,0.0421784973496197,10.2,24482,28
5566,"      Steinfurt, Kreis",339903,77.9,262938,0.398420920521187,0.259464208292449,0.0706326206177882,0.118643938875324,0.0614099141242422,0.064912641002822,0.0265157565661867,4.5,30965,28
5570,"      Warendorf, Kreis",209604,78,162144,0.403079978290902,0.240477600157884,0.0666999703966844,0.130593793171502,0.0554877146240379,0.0741624728636274,0.0294984704953621,5.5,30605,28
5711,"      Bielefeld, Kreisfreie Stadt",237576,75.5,177777,0.275153703797454,0.253705484961497,0.111082985988064,0.115448005085022,0.112179865786913,0.0899272684317994,0.042502685949251,8.3,38588,25
5754,"      Gütersloh, Kreis",263215,75.7,197355,0.382214790605761,0.228192850447164,0.0791467153099744,0.13105317828279,0.0609713460515315,0.0871475260317702,0.0312735932710091,4.5,46025,25
5758,"      Herford, Kreis",191877,73.8,140255,0.314441552885815,0.290456668211472,0.0686392641973548,0.112972799543688,0.0695376278920538,0.108965812270507,0.0349862749991088,5.6,32884,25
5762,"      Höxter, Kreis",112543,76.7,85418,0.424442155049287,0.221381910136037,0.0540284249221476,0.126530707813341,0.0557493736683135,0.0892551921140743,0.0286122362967993,4.6,26719,25
5766,"      Lippe, Kreis",268984,75.3,200310,0.314003294892916,0.27775448055514,0.0721282012880036,0.123064250411862,0.069018022065798,0.108431930507713,0.0355998202785682,6.6,29139,25
5770,"      Minden-Lübbecke, Kreis",241302,73.9,176465,0.328971750772108,0.2899611821041,0.065072393959142,0.114504292635933,0.0638540220440314,0.105652679001502,0.0319836794831836,5.1,40298,25
5774,"      Paderborn, Kreis",229056,75,170408,0.407551288671893,0.187221257217971,0.07410450213605,0.133796535373926,0.0670919205671095,0.0991326698277076,0.0311018262053425,5.6,35215,25
5911,"      Bochum, Kreisfreie Stadt",273708,75.3,204348,0.248634682013037,0.306638675201128,0.0838275882318398,0.10678352614168,0.101312466968113,0.10454714506626,0.0482559163779435,9.7,32596,24
5913,"      Dortmund, Kreisfreie Stadt",414616,72.3,297339,0.244801388314348,0.31256242874295,0.0837158933069661,0.109625713411291,0.0956147696736721,0.103272695475535,0.0504071110752374,11.1,36781,24
5914,"      Hagen, Kreisfreie Stadt",132850,70.8,93170,0.282247504561554,0.295857035526457,0.0533004185896748,0.118600407856606,0.0745733605237737,0.128421165611248,0.0470001073306858,10.3,33048,24
5915,"      Hamm, Kreisfreie Stadt",126462,72.4,90727,0.305972863645883,0.314129200789181,0.0524761096476242,0.102957223318307,0.0713459058494164,0.111378090314901,0.0417406064346887,9.2,28101,24
5916,"      Herne, Kreisfreie Stadt",111999,70.4,77846,0.23637694936156,0.345476967345785,0.0532589985355702,0.0923361508619582,0.0784882974077024,0.139082290676464,0.0549803458109601,12.1,22918,24
5954,      Ennepe-Ruhr-Kreis,253040,76.5,192048,0.280966216779139,0.29549904190619,0.0773192118637007,0.129873781554611,0.0775170790635674,0.0981369241023077,0.040687744730484,6.4,29803,24
5958,      Hochsauerlandkreis,202768,76,152814,0.416525972751188,0.22815317968249,0.0471030141217428,0.143435810855026,0.0535487586215923,0.0799403196042247,0.0312929443637363,4.5,34560,24
5962,      Märkischer Kreis,304554,72.1,217529,0.339637473624206,0.260627318656363,0.0496117759011442,0.133903985215764,0.0652556670604839,0.112683826064571,0.0382799534774674,6.5,35610,24
5966,"      Olpe, Kreis",102708,76.5,77982,0.469005667974661,0.202200507809495,0.0401887615090662,0.140519607088815,0.0440742735503065,0.0772357723577236,0.0267754097099331,4,38692,24
5970,"      Siegen-Wittgenstein, Kreis",212912,76.2,160959,0.339515031778279,0.264359246764704,0.0550264353034002,0.118819078150336,0.0784299107226064,0.106573723743314,0.0372765735373604,5.1,39218,24
5974,"      Soest, Kreis",232301,75.1,173074,0.3626425690745,0.249511769532108,0.0619561574817708,0.134601384378936,0.0676126974588904,0.0933993551891099,0.0302760668846852,5.8,33523,24
5978,"      Unna, Kreis",306624,75.3,228588,0.281782070799867,0.328853658109787,0.0631310479990201,0.111698776838679,0.0685819028120461,0.103469998425114,0.0424825450154864,7.9,29719,24
6411,"      Darmstadt, Kreisfreie Stadt",106512,78.6,82941,0.238157244306194,0.206496184034434,0.183925923246645,0.106919376424205,0.130550632377232,0.0835533692624878,0.0503972703488022,5.9,75085,16
6412,"      Frankfurt am Main, Kreisfreie Stadt",423717,74.9,314000,0.264178343949045,0.201445859872611,0.146146496815287,0.141162420382166,0.118592356687898,0.0862388535031847,0.0422356687898089,5.9,91099,16
6413,"      Offenbach am Main, Kreisfreie Stadt",66812,67.6,44375,0.272157746478873,0.237746478873239,0.105667605633803,0.0978704225352113,0.117115492957746,0.120315492957746,0.0491267605633803,9.7,36562,16
6414,"      Wiesbaden, Landeshauptstadt, Kreisfreie Stadt",189372,73.8,138229,0.289534034102829,0.211583676363137,0.117818981545117,0.133112443843188,0.0952043348356712,0.112103827706198,0.0406427016038603,7.4,61913,16
6431,"      Bergstraße, Landkreis",198418,78.7,154094,0.331537892455255,0.22346749386738,0.0882253689306527,0.11808376705128,0.0661738938569964,0.129291211857697,0.043220371980739,3.8,29462,16
6432,"      Darmstadt-Dieburg, Landkreis",215017,79.6,169028,0.30729819911494,0.238493030740469,0.106254585039165,0.110360413659275,0.079732352036349,0.110993444873039,0.0468679745367631,4.7,26763,16
6433,"      Groß-Gerau, Landkreis",174727,76.3,131180,0.30454337551456,0.253986888245159,0.090425369720994,0.0963942674188138,0.0819865833206281,0.121535295014484,0.0511282207653606,5.4,44114,16
6434,      Hochtaunuskreis,164970,82.1,134100,0.339828486204325,0.175003728560776,0.107181208053691,0.176539895600298,0.0627889634601044,0.102020879940343,0.0366368381804623,3.6,43504,16
6435,      Main-Kinzig-Kreis,299541,76.6,226181,0.308593560024936,0.233308721775923,0.0794098531706907,0.109911973154244,0.0713234091280877,0.1470945835415,0.0503578992046193,4.6,32786,16
6436,      Main-Taunus-Kreis,166249,81.3,133588,0.344581848669042,0.185914902536156,0.106072401712729,0.156765577746504,0.0621612719705363,0.105540916848819,0.038963080516214,3.7,51581,16
6437,      Odenwaldkreis,70995,76.6,53442,0.311983084465402,0.269114179858538,0.0730324463904794,0.0939523221436323,0.0772613300400434,0.130702443770817,0.0439541933310879,5,26362,16
6438,"      Offenbach, Landkreis",237902,78.4,184112,0.329744937863909,0.202604936125836,0.0978480490136439,0.132131528634744,0.0737105674806639,0.119204614582428,0.0447553662987747,4.5,39267,16
6439,      Rheingau-Taunus-Kreis,138563,80.4,110224,0.333529902743504,0.207268834373639,0.0975649586296995,0.137510886921179,0.0663376397154885,0.116145304107998,0.0416424735084918,4.6,24179,16
6440,      Wetteraukreis,225174,78,173500,0.314939481268012,0.230951008645533,0.0898443804034582,0.122789625360231,0.0672737752161383,0.122968299711816,0.0512334293948127,4.3,28022,16
6531,"      Gießen, Landkreis",199159,76.9,151332,0.293500383263289,0.237101207940158,0.102483281791029,0.10628948272672,0.0868091348822457,0.120873311659134,0.052943197737425,5.8,34318,17
6532,      Lahn-Dill-Kreis,190754,73.6,138343,0.338904028393197,0.245505735743767,0.0675278113095711,0.0956318715077741,0.0659158757580796,0.139204730271861,0.0473099470157507,5.4,32192,17
6533,"      Limburg-Weilburg, Landkreis",129367,76.2,97181,0.353134872042889,0.228305944577644,0.0699931056482234,0.114847552505119,0.0627591813214517,0.127020713925562,0.0439386299791111,4.5,28470,17
6534,"      Marburg-Biedenkopf, Landkreis",183296,77.7,140786,0.301002940633302,0.264245024363218,0.0929637890131121,0.0865924168596309,0.102424957026977,0.114535536203884,0.0382353358998764,3.8,35064,17
6535,      Vogelsbergkreis,85245,76,63310,0.320802400884536,0.262960037908703,0.0667509082293477,0.0972990048965408,0.067035223503396,0.141099352392987,0.044053072184489,4.1,25693,17
6611,"      Kassel, Kreisfreie Stadt",140832,73,101389,0.236169604197694,0.255175610766454,0.137263411218179,0.0891418201185533,0.136158754894515,0.0994486581384568,0.0466421406661472,8.2,49937,18
6631,"      Fulda, Landkreis",169854,77.3,128699,0.408915376187849,0.161842749360912,0.0667759656252185,0.10894412543998,0.0556569981118734,0.161570796975889,0.0362939882982774,2.9,36184,18
6632,"      Hersfeld-Rotenburg, Landkreis",94380,76.2,70681,0.299585461439425,0.317185665171687,0.0513292115278505,0.088312276283584,0.0605537556061742,0.146885301566192,0.0361483284050876,4.4,34052,18
6633,"      Kassel, Landkreis",189184,78.6,146395,0.277939820349056,0.334745039106527,0.0728713412343318,0.0904880631169097,0.0739096280610677,0.113385019980191,0.0366610881519178,4.2,32467,18
6634,      Schwalm-Eder-Kreis,143270,78.1,109748,0.280907169151146,0.325928490724205,0.0655957283959617,0.0895414950614134,0.0644294201261071,0.128676604585049,0.0449210919561177,4.3,29677,18
6635,"      Waldeck-Frankenberg, Landkreis",124064,75,91656,0.330583922492799,0.266376451077944,0.0681570219080038,0.108776293968753,0.0670114340577813,0.124367199092258,0.0347276774024614,3.9,35038,18
6636,      Werra-Meißner-Kreis,81612,75.7,60386,0.287417613354089,0.336468717914748,0.0698009472394264,0.0803828702017024,0.0739575398271122,0.112459841685159,0.0395124697777631,5.6,24172,18
7111,"      Koblenz, Kreisfreie Stadt",84958,75.3,63324,0.35866338197208,0.226675510075169,0.0987461310087802,0.113590423851936,0.0806171435790538,0.0839492135683153,0.0377581959446655,6.1,69504,29
7131,"      Ahrweiler, Landkreis",101162,79.3,79453,0.418398298365071,0.203768265515462,0.0720300051602834,0.130303449838269,0.0568889783897398,0.0880646419896039,0.0305463607415705,3.8,24972,29
7132,"      Altenkirchen (Westerwald), Landkreis",100773,75.4,75135,0.38823451121315,0.254834630997538,0.0527317495175351,0.0996606109003793,0.063219538164637,0.109309908830771,0.0320090503759899,4.7,26364,29
7133,"      Bad Kreuznach, Landkreis",120430,76.6,91243,0.342886577600473,0.267735607115066,0.0689806341308374,0.101037887837971,0.0661091809782668,0.115559549773681,0.0376905625637035,6.2,30483,29
7134,"      Birkenfeld, Landkreis",64742,73.6,46968,0.338592233009709,0.286940044285471,0.0497146993697837,0.0944259921648782,0.0736884687446772,0.12037983307784,0.0362587293476409,6,29167,29
7135,"      Cochem-Zell, Landkreis",48925,78.5,37839,0.468907740690822,0.209492851290996,0.0487063611617643,0.110071619228838,0.049446338433891,0.0852559528528767,0.0281191363408124,3.6,29229,29
7137,"      Mayen-Koblenz, Landkreis",166711,76.7,126480,0.401684060721063,0.242307084123972,0.0639073371283998,0.103700189753321,0.0570999367488931,0.101067362428843,0.0302340290955092,3.5,30802,29
7138,"      Neuwied, Landkreis",138511,76.3,103925,0.377070002405581,0.253067115708444,0.0652008660091412,0.101833052682223,0.0633918691363964,0.106422901130623,0.033014192927592,5.3,30250,29
7140,      Rhein-Hunsrück-Kreis,80985,78.2,62512,0.38714166879959,0.242225492705401,0.0597485282825697,0.110330816483235,0.0660033273611467,0.0981411568978756,0.0364090094701817,3.7,33772,29
7141,      Rhein-Lahn-Kreis,95682,77.7,73527,0.333414936009901,0.281148421668231,0.0669957974621568,0.101935343479266,0.0641941055666626,0.1091979816938,0.0431134141199831,3.5,24945,29
7143,      Westerwaldkreis,154218,77.7,118593,0.395234120057676,0.234710311738467,0.0589748130159453,0.110419670638233,0.0578448980968523,0.108261027210712,0.0345551592421138,3.3,34582,29
7211,"      Trier, Kreisfreie Stadt",80382,74.8,59606,0.324765963158071,0.237610307687146,0.121950810321109,0.094789115189746,0.109032647720028,0.07757608294467,0.0342750729792303,5.1,42142,31
7231,"      Bernkastel-Wittlich, Landkreis",86614,78,66783,0.423535929802495,0.219052752946109,0.0607939146189899,0.110776694667805,0.0632646032672986,0.0839285446895168,0.0386475600077864,3.5,32237,31
7232,      Eifelkreis Bitburg-Prüm,72690,76.6,54610,0.43949826039187,0.232265152902399,0.0641274491851309,0.100897271561985,0.0553744735396448,0.0740889946896173,0.0337483977293536,3,26564,31
7233,"      Vulkaneifel, Landkreis",48142,77.7,37008,0.458468439256377,0.207306528318201,0.0555825767401643,0.103815391266753,0.0629593601383485,0.0821984435797665,0.0296692607003891,4.3,31185,31
7235,"      Trier-Saarburg, Landkreis",112464,81.3,90275,0.404585987261146,0.252417612849626,0.0691553586264193,0.0907338687344226,0.0712821932982553,0.080886181113265,0.0309387981168651,3,20018,31
7311,"      Frankenthal (Pfalz), Kreisfreie Stadt",33743,73.7,24474,0.324793658576448,0.22950886655226,0.0677862221132631,0.0991256026803955,0.0756721418648361,0.165113998529051,0.037999509683746,7,32301,30
7312,"      Kaiserslautern, Kreisfreie Stadt",72154,71.3,50729,0.281219815095902,0.250428748841885,0.0873662007924461,0.103431961994126,0.0945021585286522,0.136746239823375,0.0463048749236137,9.4,47540,30
7313,"      Landau in der Pfalz, Kreisfreie Stadt",35852,77.6,27569,0.304182233668251,0.21146940404077,0.143313141572056,0.100438898763103,0.0931118285030288,0.100184990387754,0.0472995030650368,5.3,40655,30
7314,"      Ludwigshafen am Rhein, Kreisfreie Stadt",102805,70.3,70951,0.275993291144593,0.27186368056828,0.0723597976067991,0.0914292962748939,0.0743329903736381,0.163253512987837,0.0507674310439599,8.3,81765,30
7315,"      Mainz, Kreisfreie Stadt",147529,80.8,118345,0.307372512569183,0.214195783514301,0.151742785922515,0.110608813215598,0.0979424563775402,0.0733195318771389,0.044818116523723,6.1,54696,30
7316,"      Neustadt an der Weinstraße, Kreisfreie Stadt",40886,78.9,31791,0.355194866471643,0.201440659306093,0.0998395772388412,0.108930200371174,0.0583183919977352,0.120348526312478,0.0559277783020352,5.6,29456,30
7317,"      Pirmasens, Kreisfreie Stadt",31522,68.4,21147,0.312195583297867,0.262495862297253,0.0396746583439731,0.0952853832694945,0.0802477892845321,0.161299475102851,0.0488012484040289,12.3,35983,30
7318,"      Speyer, Kreisfreie Stadt",36553,76.3,27551,0.320133570469312,0.215527567057457,0.107509709266451,0.100032666690864,0.0809770970200719,0.135240100177852,0.0405792893179921,5.7,50042,30
7319,"      Worms, Kreisfreie Stadt",58753,73.4,42450,0.306124852767962,0.257432273262662,0.0774558303886926,0.0959952885747939,0.0713074204946996,0.14982332155477,0.0418610129564193,7.3,35545,30
7320,"      Zweibrücken, Kreisfreie Stadt",26396,71.5,18612,0.302116913819041,0.263217279174726,0.0599075865033312,0.0909628196862239,0.0940253599828068,0.14528261336772,0.0444874274661509,6.9,45454,30
7331,"      Alzey-Worms, Landkreis",97517,80.7,77751,0.321629303803167,0.262556108603105,0.0726035677997711,0.103638538411082,0.0609252614114288,0.138146133168705,0.0405010868027421,4,23855,30
7332,"      Bad Dürkheim, Landkreis",105022,81.2,84317,0.347984392234069,0.234863669248194,0.0787860099386838,0.116856624405517,0.0560978213171721,0.12355752695186,0.0418539559045032,3.9,21810,30
7333,      Donnersbergkreis,58490,76.2,43950,0.300068259385666,0.283640500568828,0.0629806598407281,0.0923549488054608,0.0679180887372014,0.136678043230944,0.0563594994311718,5,28558,30
7334,"      Germersheim, Landkreis",94287,78.4,73041,0.345942689722211,0.217768102846347,0.0679618296573158,0.103859476184609,0.0586519899782314,0.163182322257362,0.0426335893539245,4.1,37912,30
7335,"      Kaiserslautern, Landkreis",81619,77.4,61873,0.335202754028413,0.259418486254101,0.0562604043767071,0.0853522538102242,0.0718730302393613,0.139915633636643,0.0519774376545505,5.2,21476,30
7336,"      Kusel, Landkreis",57338,76.8,43441,0.280633502911996,0.323542275730301,0.0503671646601137,0.0751824313436615,0.0797173177413043,0.139568610299026,0.0509886973135978,4.5,16775,30
7337,"      Südliche Weinstraße, Landkreis",87494,80.7,69797,0.367565941229566,0.222889235927046,0.0841440176511885,0.103227932432626,0.0590856340530395,0.121925011103629,0.0411622276029056,4.1,24907,30
7338,      Rhein-Pfalz-Kreis,117136,81.7,94710,0.355284552845528,0.218192376728962,0.0785344736564249,0.111783338612607,0.0550100306197867,0.138496462886707,0.0426987646499842,3.5,17512,30
7339,"      Mainz-Bingen, Landkreis",158824,82.6,129998,0.354282373574978,0.230642009877075,0.0997938429821997,0.114832535885167,0.0661856336251327,0.0979630455853167,0.0363005584701303,3.6,34319,30
7340,"      Südwestpfalz, Landkreis",79282,80.4,62728,0.386510011478128,0.23998852187221,0.0429313863027675,0.0918409641627344,0.0625398546103813,0.128794158908303,0.0473951026654763,4.5,15921,30
8111,"      Stuttgart, Landeshauptstadt, Stadtkreis",376869,79.6,298012,0.289760143886823,0.157067500637558,0.175677489497067,0.152386481081299,0.0918855616552354,0.0884326805631988,0.0447901426788183,4.7,82397,3
8115,"      Böblingen, Landkreis",261381,80.2,207896,0.354364682341171,0.154096278908685,0.127395428483473,0.15228768230269,0.0532141070535268,0.117496248124062,0.0411455727863932,3.1,65644,3
8116,"      Esslingen, Landkreis",365559,80.8,292713,0.334911671159122,0.159354043038744,0.144014785814091,0.143577497412141,0.0583370058726466,0.116561273329165,0.04324372337409,3.4,39485,3
8117,"      Göppingen, Landkreis",178409,77.1,135948,0.3331420837379,0.175979050813546,0.123201518227558,0.126430694088916,0.0506222967605261,0.146791420248919,0.0438329361226351,3.7,33747,3
8118,"      Ludwigsburg, Landkreis",365200,80.6,291935,0.331412814496378,0.166009556921918,0.137581995992259,0.144302670114923,0.0583451795776457,0.118749036600613,0.0435987462962646,3.3,44493,3
8119,"      Rems-Murr-Kreis, Landkreis",296469,79.3,233215,0.328911090624531,0.159989709066741,0.12049825268529,0.155015757991553,0.0555195849323585,0.136745063567952,0.0433205411315739,3.4,33510,3
8121,"      Heilbronn, Stadtkreis",77642,73,55900,0.289713774597496,0.185008944543828,0.112432915921288,0.134150268336315,0.0687119856887299,0.163756708407871,0.0462254025044723,5.2,52004,3
8125,"      Heilbronn, Landkreis",241562,79.4,189560,0.33155729056763,0.169265667862418,0.106520362945769,0.138140958008019,0.0506646971935007,0.157332770626714,0.0465182527959485,3.2,47632,3
8126,"      Hohenlohekreis, Landkreis",82646,77.2,63123,0.359932195871552,0.155315811986122,0.107995500847552,0.133770574909304,0.051534306037419,0.148392820366586,0.0430587899814648,2.6,47451,3
8127,"      Schwäbisch Hall, Landkreis",143139,75.4,106672,0.332748987550622,0.165629218539073,0.128384205789711,0.123603194840258,0.0594439028048598,0.144930253487326,0.0452602369881506,3.1,40147,3
8128,"      Main-Tauber-Kreis, Landkreis",102171,78.6,79310,0.398033034926239,0.159538519732695,0.0902030008826125,0.112180052956752,0.0565502458706342,0.135733198839995,0.047761946791073,2.9,35745,3
8135,"      Heidenheim, Landkreis",94168,75.8,70526,0.340356747866035,0.205980773048238,0.115716189773984,0.099920596659388,0.0603890763689987,0.132802087173525,0.0448345291098318,4.7,34232,3
8136,"      Ostalbkreis, Landkreis",231075,77.3,176679,0.393176325426338,0.169493827789381,0.108586759037577,0.112305367361146,0.0560677839471584,0.122634834926618,0.0377351015117812,3.1,40294,3
8211,"      Baden-Baden, Stadtkreis",38689,75.6,28964,0.372738572020439,0.157816599917139,0.132405745062837,0.137964369562215,0.0613865488192239,0.106580582792432,0.0311075818257147,5.1,52234,2
8212,"      Karlsruhe, Stadtkreis",208868,77.6,160911,0.278265625097103,0.168068062469315,0.182759413588878,0.119637563622127,0.0960282392129811,0.104038878634773,0.0512022173748221,4.5,63147,2
8215,"      Karlsruhe, Landkreis",323462,79.6,254731,0.357286706368679,0.167003623430207,0.114509031095548,0.124672693939882,0.0537272652327357,0.135539058850317,0.0472616210826323,3.1,35628,2
8216,"      Rastatt, Landkreis",167795,76.2,126284,0.380111494726173,0.172650533717652,0.110314845902886,0.10968135314054,0.0521918849577144,0.131560609420037,0.0434892781349973,3,41326,2
8221,"      Heidelberg, Stadtkreis",99213,81.6,80519,0.26731578882003,0.173822327649375,0.218706143891504,0.120530558004943,0.104335622648071,0.0776338503955588,0.037655708590519,4.4,53079,2
8222,"      Mannheim, Stadtkreis",197289,73,142723,0.271476916824899,0.212362408301395,0.131744708281076,0.11245559580446,0.0910084569410677,0.128283458167219,0.0526684556798834,5.4,64483,2
8225,"      Neckar-Odenwald-Kreis, Landkreis",108705,76.4,81915,0.398461820179454,0.177281328206067,0.0792040529817494,0.105804797656107,0.0539827870353415,0.140682414698163,0.0445827992431179,3.6,30087,2
8226,"      Rhein-Neckar-Kreis, Landkreis",399677,80.2,317052,0.330176122528797,0.188946923533048,0.117923873686335,0.125048887879591,0.0638885734832141,0.128357493408021,0.0456581254809936,4,32963,2
8231,"      Pforzheim, Stadtkreis",76473,69.4,52290,0.302390514438707,0.166991776630331,0.0940332759609868,0.130005737234653,0.0658443296997514,0.193134442532033,0.047599923503538,6.3,40227,2
8235,"      Calw, Landkreis",111507,78.1,86064,0.377219278676334,0.142777467930842,0.102865309537089,0.129787135155233,0.0525190555865402,0.152107733779513,0.0427240193344488,3.3,27661,2
8236,"      Enzkreis, Landkreis",143104,80.3,113790,0.33879954301784,0.16142894806222,0.113823710343615,0.139247737059496,0.0484137446172774,0.149468318832938,0.0488179980666139,2.6,29130,2
8237,"      Freudenstadt, Landkreis",86514,76.7,65541,0.364123220579485,0.145618772981798,0.0936207869882974,0.15983887948002,0.0494194473688226,0.146839382981645,0.0405395096199326,3.1,37371,2
8311,"      Freiburg im Breisgau, Stadtkreis",156234,80.9,125612,0.244562621405598,0.176734706875139,0.23313059261854,0.0875155239945228,0.134151195745629,0.0724691908416393,0.0514361685189313,5.3,49621,1
8315,"      Breisgau-Hochschwarzwald, Landkreis",193133,80.8,154593,0.363496406693705,0.166430562832729,0.162225974009172,0.109985575026036,0.0623184749632907,0.0925268285109934,0.0430161779640734,3,29010,1
8316,"      Emmendingen, Landkreis",123390,79.6,97150,0.351775604734946,0.183582089552239,0.149140504374678,0.105146680391148,0.0617601646937725,0.100257334019557,0.0483376222336593,2.7,30005,1
8317,"      Ortenaukreis, Landkreis",315797,75.4,234940,0.373210181322891,0.167834340682728,0.131837916063676,0.109564144036775,0.053200817229931,0.120213671575721,0.0441389290882779,3.2,39322,1
8325,"      Rottweil, Landkreis",103246,76.8,78315,0.382097937815233,0.145719210879142,0.101347123794931,0.136257421949818,0.044640234948605,0.138159994892422,0.0517780757198493,2.6,41883,1
8326,"      Schwarzwald-Baar-Kreis, Landkreis",149692,75.6,111732,0.373858876597573,0.154074034296352,0.12240002863996,0.122919127913221,0.0546665234668672,0.128038520746071,0.0440428883399563,3.1,37199,1
8327,"      Tuttlingen, Landkreis",95981,75.7,71735,0.37828117376455,0.146204781487419,0.103045932947655,0.134620478148742,0.0508120164494319,0.141102669547641,0.0459329476545619,2.7,46199,1
8335,"      Konstanz, Landkreis",205135,77.4,157383,0.331636834982177,0.155855460882052,0.160131653355191,0.131894804394376,0.0718374919781679,0.103028916719087,0.0456148376889499,3.4,33341,1
8336,"      Lörrach, Landkreis",163239,75.3,121697,0.341922972628742,0.182822912643697,0.150003697708243,0.109016656121351,0.0610204031323697,0.108540062614526,0.0466732951510719,3.2,32047,1
8337,"      Waldshut, Landkreis",119716,74.7,88466,0.40102412226166,0.16554382474623,0.127054461601067,0.108041507471797,0.0511382904166572,0.10450342504465,0.0426943684579386,3.2,30035,1
8415,"      Reutlingen, Landkreis",199934,78.8,156059,0.345209183706162,0.149437071876662,0.139017935524385,0.13728782063194,0.0611499496985115,0.129252398131476,0.0386456404308627,3.5,39394,4
8416,"      Tübingen, Landkreis",160138,82.6,131254,0.301164154997181,0.157099974096028,0.194912155058132,0.114899355448215,0.102930196413062,0.0883249272403127,0.0406692367470706,2.9,33485,4
8417,"      Zollernalbkreis, Landkreis",138802,75.3,103134,0.354073341478077,0.151657067504412,0.109381969088758,0.140787713072314,0.0544243411484089,0.145732736052126,0.043942831655904,3.4,33429,4
8421,"      Ulm, Stadtkreis",83048,78.1,64382,0.308626634773695,0.175033394427014,0.17007859339567,0.118371594545059,0.0762635519244509,0.101612251871641,0.0500139790624709,3.8,75044,4
8425,"      Alb-Donau-Kreis, Landkreis",139625,80.6,111481,0.404714704747894,0.149083700361497,0.118495528386003,0.113526071707286,0.0454427211811878,0.124595222504283,0.0441420511118487,2.7,30197,4
8426,"      Biberach, Landkreis",145848,78.9,113868,0.430041802789194,0.127999086661749,0.111901499982436,0.11074226297116,0.0457898619454105,0.126198756454842,0.0473267291952085,2.4,49875,4
8435,"      Bodenseekreis, Landkreis",157226,79.9,124593,0.368006228279277,0.14313805751527,0.148290834958625,0.13378761246619,0.0616647805253907,0.102935156870771,0.0421773293844759,2.8,49377,4
8436,"      Ravensburg, Landkreis",208135,78.2,161194,0.393674702532352,0.132635209747261,0.147381416181744,0.112609650483269,0.0600022333337469,0.104017519262504,0.0496792684591238,2.8,40579,4
8437,"      Sigmaringen, Landkreis",96692,76.5,73107,0.405474168000328,0.130452624235709,0.123025154909927,0.120316795929254,0.0501593554652769,0.128811194550453,0.0417607069090511,3.2,35205,4
9161,      Ingolstadt,91076,71.4,64583,0.36777480141833,0.142963318520354,0.0869423842187573,0.109007014229751,0.0692906802099624,0.153136274251738,0.0708855271511079,3.1,127523,7
9162,"      München, Landeshauptstadt",923612,78.5,722141,0.29972539988728,0.161691414834499,0.172217060103221,0.142137061875728,0.082751152475763,0.0836595623292404,0.0578183484942691,4.2,75186,7
9163,      Rosenheim,41335,74.2,30453,0.35461202508784,0.13588152234591,0.114340130693199,0.110136932321939,0.0633435129543887,0.146914918070469,0.0747709585262536,4.6,49671,7
9171,"      Altötting, Landkreis",82790,74.9,61522,0.444540164494002,0.133740775657488,0.067975683495335,0.0837749097883684,0.0586131790253893,0.136097656123013,0.0752576314164039,3.3,46518,7
9172,"      Berchtesgadener Land, Landkreis",74656,75.8,56192,0.45090048405467,0.114927391799544,0.0827875854214123,0.0914187072892938,0.0521070615034169,0.13126423690205,0.0765945330296127,3.9,31376,7
9173,"      Bad Tölz-Wolfratshausen, Landkreis",92461,79.9,73351,0.411814426524519,0.109991683821625,0.104770214448337,0.116658259601096,0.0537688647734864,0.119153113113659,0.0838434377172772,2.5,28037,7
9174,"      Dachau, Landkreis",104757,81.5,84948,0.419868625512078,0.131021330696426,0.096094081084899,0.106276781089608,0.0470523143570184,0.123263643640816,0.0764232236191553,2.2,27183,7
9175,"      Ebersberg, Landkreis",98996,84.1,82880,0.38362693050193,0.128426640926641,0.124469111969112,0.131587837837838,0.0527871621621622,0.103438706563707,0.07566361003861,2,30967,7
9176,"      Eichstätt, Landkreis",97698,82.2,79774,0.443766139343646,0.131659437912102,0.0660616240880487,0.0840374056710206,0.0450898789079149,0.147416451475418,0.0819690626018502,1.5,31479,7
9177,"      Erding, Landkreis",99202,80.8,79722,0.398008078071298,0.11664283384762,0.0934748250169338,0.106633049848223,0.0498858533403577,0.135382955771305,0.0999724041042623,1.8,30155,7
9178,"      Freising, Landkreis",121069,80.6,97073,0.367980797956177,0.122722075139328,0.120661770008138,0.110298435198253,0.0575443223141347,0.123463784986557,0.0973288143974123,2.1,44403,7
9179,"      Fürstenfeldbruck, Landkreis",154694,82.4,126937,0.378471210127859,0.145686442881114,0.120516476677407,0.123801570857985,0.0540110448490196,0.108865027533343,0.0686482270732726,2.6,24952,7
9180,"      Garmisch-Partenkirchen, Landkreis",65566,79.7,51981,0.456686096843077,0.0926299994228661,0.088205305784806,0.112541120794136,0.0471903195398319,0.12643081125796,0.0763163463573229,3.4,28265,7
9181,"      Landsberg am Lech, Landkreis",89756,81.8,73060,0.397933205584451,0.121667122912675,0.124212975636463,0.114440186148371,0.0569121270188886,0.10906104571585,0.0757733369833014,2.7,31807,7
9182,"      Miesbach, Landkreis",73066,80.4,58466,0.420398180138884,0.109277186741012,0.101255430506619,0.133171415865631,0.0434782608695652,0.113758423699244,0.0786611021790442,2.6,33297,7
9183,"      Mühldorf a.Inn, Landkreis",85431,75.9,64388,0.435919736596881,0.113111138721501,0.0687395166801267,0.0940392619742809,0.0474156675156861,0.1546406162639,0.0861340622476238,3.6,31513,7
9184,"      München, Landkreis",235172,83.9,196365,0.372719170931683,0.13999439818705,0.126483843862195,0.153051714918646,0.050905202047208,0.0940595319939908,0.0627861380592264,2.6,100475,7
9185,"      Neuburg-Schrobenhausen, Landkreis",71702,77.8,55420,0.448538433778419,0.121201732226633,0.0622518946228798,0.0896427282569469,0.0440274269216889,0.150685673042223,0.0836521111512089,2.1,33943,7
9186,"      Pfaffenhofen a.d.Ilm, Landkreis",92806,77.6,71627,0.420986499504377,0.126865567453614,0.0725005933516691,0.0983288424756028,0.0452064165747553,0.151688609044076,0.0844234715959066,1.8,39190,7
9187,"      Rosenheim, Landkreis",193835,80.4,155004,0.415337668705324,0.10857139170602,0.0973458749451627,0.109397176847049,0.0485148770354313,0.136919047250394,0.0839139635106191,2.5,30263,7
9188,"      Starnberg, Landkreis",96546,84.4,81168,0.373928149024246,0.120108909915238,0.141200965897891,0.17064606741573,0.0519416518825153,0.0879164202641435,0.0542578356002365,2.8,40658,7
9189,"      Traunstein, Landkreis",133810,77.7,103377,0.443609313483657,0.120510364974801,0.0970041692059162,0.0916741634986506,0.0539771902841057,0.114290412761059,0.0789343857918106,2.9,38227,7
9190,"      Weilheim-Schongau, Landkreis",101593,80.8,81586,0.41079351849582,0.129764910646434,0.100115215845856,0.0987792023141225,0.0583556002255289,0.11733630769985,0.0848552447723874,2.6,37728,7
9261,      Landshut,49285,75.1,36605,0.351427400628329,0.137412921732004,0.1068706460866,0.127578199699495,0.0642261986067477,0.129791012156809,0.082693621090015,4.2,55345,6
9262,      Passau,38052,73.7,27889,0.362723654487432,0.155867904908745,0.108860124063251,0.110186812004733,0.077700885653842,0.126680770196135,0.0579798486858618,4.6,63668,6
9263,      Straubing,34344,67.9,23150,0.387041036717063,0.146004319654428,0.064060475161987,0.094902807775378,0.0612095032397408,0.172267818574514,0.0745140388768899,4.6,49660,6
9271,"      Deggendorf, Landkreis",91951,71.3,65167,0.407859806343702,0.134377829269415,0.050301532984486,0.0785980634370157,0.0522503721208587,0.183835376801142,0.0927770190433808,2.8,37872,6
9272,"      Freyung-Grafenau, Landkreis",63822,72.3,45906,0.40495795756546,0.150764605933865,0.0409968195878534,0.0711018167559796,0.0467041345357905,0.20086698906461,0.0846076765564414,3,27925,6
9273,"      Kelheim, Landkreis",88028,76.1,66545,0.419069802389361,0.144729130663461,0.06240889623563,0.0826658652039973,0.0451423848523555,0.148981891952814,0.0970020287023819,2.6,31038,6
9274,"      Landshut, Landkreis",117820,79.1,92730,0.394327617815162,0.11693087458212,0.0653078831014774,0.102598943168338,0.0439987059204141,0.150997519680794,0.125838455731694,2.5,34003,6
9275,"      Passau, Landkreis",150221,73.9,110363,0.415302229914011,0.150403667895943,0.0518742694562489,0.085418120203329,0.0501345559653145,0.172141025524859,0.0747261310402943,3.3,28042,6
9276,"      Regen, Landkreis",62255,73,44783,0.405153741375075,0.15421030301677,0.0393229573722171,0.0693566755241944,0.0450170823750084,0.206797222160195,0.0801420181765402,3.6,30327,6
9277,"      Rottal-Inn, Landkreis",92055,73.9,67614,0.439805365752655,0.125136805986926,0.0554175170822611,0.0923033691247375,0.0447392551838377,0.152808589936995,0.0897890969325879,3,29625,6
9278,"      Straubing-Bogen, Landkreis",77354,78.4,60276,0.441436060787046,0.119881876700511,0.0431680934368571,0.0830347070144004,0.0357853872187936,0.17132855531223,0.105365319530161,2.4,26839,6
9279,"      Dingolfing-Landau, Landkreis",71290,73,51711,0.410338225909381,0.133337200982383,0.0476881127806463,0.089922840401462,0.0448647289744929,0.182997814778287,0.090851076173348,2.6,65627,6
9361,      Amberg,32744,70.7,22944,0.359789051603905,0.175862970711297,0.0790620641562064,0.0870380055788006,0.0764905857740586,0.148971408647141,0.0727859135285913,5.3,52635,9
9362,      Regensburg,105833,76.4,80429,0.331944945231198,0.14859068246528,0.145581817503637,0.100635342973306,0.0944684131345659,0.107995872135672,0.0707829265563416,3.3,82967,9
9363,      Weiden i.d.OPf.,32995,70.5,23046,0.37299314414649,0.202074112644277,0.0645665191356418,0.0823136336023605,0.0669964418988111,0.145535016922676,0.065521131649744,6.1,53734,9
9371,"      Amberg-Sulzbach, Landkreis",82116,79.1,64479,0.410412692504536,0.182059275112827,0.061291273127685,0.070596628359621,0.0522185517765474,0.130243955396331,0.0931776237224523,2.7,25579,9
9372,"      Cham, Landkreis",101946,74,74888,0.426570345048606,0.13445411814977,0.0434382010468967,0.0698242709112274,0.0406740732827689,0.180095609443436,0.104943382117295,2.7,34012,9
9373,"      Neumarkt i.d.OPf., Landkreis",101016,80.6,80782,0.458047584858013,0.127577925775544,0.0771335198435295,0.0780495654972642,0.0473620360971504,0.120497140452081,0.091332227476418,1.9,36199,9
9374,"      Neustadt a.d.Waldnaab, Landkreis",75953,79.3,59704,0.42623609808388,0.196067265174863,0.0464123006833713,0.0614699182634329,0.0445028808790031,0.139421144311939,0.0858903926035107,3.3,29312,9
9375,"      Regensburg, Landkreis",147083,80.2,117232,0.409632182339293,0.141863996178518,0.0735550020472226,0.0821021564078068,0.0482888631090487,0.144491265183568,0.100066534734543,1.9,24254,9
9376,"      Schwandorf, Landkreis",114472,76.1,86393,0.403759563853553,0.185813665459007,0.0468672230389036,0.0622619888185385,0.0496915259338141,0.168057597259037,0.0835484356371465,2.8,34101,9
9377,"      Tirschenreuth, Landkreis",59467,79,46592,0.464607657967033,0.177455357142857,0.0465101304945055,0.0625,0.0429902129120879,0.123046875,0.0828897664835165,3.5,33698,9
9461,      Bamberg,55773,76,42172,0.312387366024851,0.165251825856018,0.144811723418382,0.107488380916248,0.0901546049511524,0.114364981504316,0.0655411173290335,4.5,59859,8
9462,      Bayreuth,57170,73.2,41629,0.359581061279397,0.184654928054962,0.111388695380624,0.118282927766701,0.0730019938023974,0.0963751231112926,0.0567152706046266,5,62352,8
9463,      Coburg,31781,74,23365,0.331863898994222,0.211512946715172,0.105756473357586,0.105285683714958,0.0814038091161994,0.106783650759683,0.0573935373421785,5,83501,8
9464,      Hof,33437,70.7,23346,0.364088066478198,0.199691595990748,0.0697335732031183,0.0929067077872012,0.0705902510065964,0.139124475284845,0.0638653302492933,7.1,41114,8
9471,"      Bamberg, Landkreis",116290,81.3,93939,0.426564046881487,0.150608373518986,0.0624021971705043,0.0857471337783029,0.0493618199044061,0.154898391509384,0.0704180372369304,2.3,25196,8
9472,"      Bayreuth, Landkreis",84462,79.8,67020,0.449820948970457,0.191390629662787,0.0604894061474187,0.0763801850193972,0.0463145329752313,0.108818263205013,0.0667860340196956,3.1,20099,8
9473,"      Coburg, Landkreis",70038,78.6,54616,0.391020946242859,0.222315804892339,0.0686978174893804,0.084315951369562,0.0543979786143255,0.119909916507983,0.0593415848835506,3.1,25892,8
9474,"      Forchheim, Landkreis",90139,81.7,73285,0.424152282185986,0.153714948488777,0.0878897455140888,0.087780582656751,0.0555502490277683,0.11796411271065,0.0729480794159787,2.7,26311,8
9475,"      Hof, Landkreis",77737,78.4,60497,0.412334495925418,0.218572821792816,0.0510107939236656,0.0759541795460932,0.0510769129047721,0.123890440848307,0.0671603550589285,3.1,32808,8
9476,"      Kronach, Landkreis",55446,77.2,42392,0.436851292696735,0.23417154180034,0.0441120966220042,0.0667578788450651,0.0459992451405926,0.117569352708058,0.0545385921872051,3.1,31011,8
9477,"      Kulmbach, Landkreis",59443,77.8,45935,0.423163165342332,0.202808316098835,0.062566670294982,0.0763687819745292,0.0503102209644062,0.114248394470447,0.0705344508544683,3.8,32901,8
9478,"      Lichtenfels, Landkreis",54067,76.7,40882,0.45080964727753,0.175872021916736,0.05537889535737,0.0711315493371166,0.045007582799276,0.131671640330708,0.0701286629812631,3.5,33384,8
9479,"      Wunsiedel i.Fichtelgebirge, Landkreis",58767,75.2,43755,0.36814078391041,0.238418466460976,0.0534110387384299,0.0730887898525883,0.0575705633641869,0.13808707576277,0.0712832819106388,4.5,31412,8
9561,      Ansbach,31067,71.5,22048,0.324428519593614,0.186003265602322,0.101551161103048,0.0793722786647315,0.100598693759071,0.132347605224964,0.0756984760522496,4.2,56230,5
9562,      Erlangen,77280,80.4,61897,0.316719711779246,0.177666122752314,0.162463447339936,0.106127922193321,0.0933647834305378,0.0804885535647931,0.0631694589398517,3.9,91531,5
9563,      Fürth,86606,73.7,63288,0.28672102136266,0.208870559979775,0.11883769434964,0.0912969283276451,0.107555934774365,0.118521678675262,0.0681961825306535,5.3,33415,5
9564,      Nürnberg,343832,74.2,253253,0.28910615076623,0.195350104441014,0.124393393168097,0.0960383490027759,0.106375837601134,0.120247341591215,0.0684888234295349,6,55071,5
9565,      Schwabach,30191,76.7,23028,0.337458745874587,0.193243008511377,0.111690116380059,0.0994007295466389,0.0721730067743617,0.118507903421921,0.0675264894910544,3.4,34015,5
9571,"      Ansbach, Landkreis",140308,77.8,108509,0.408887742030615,0.163986397441687,0.0852003059654038,0.0770535162981872,0.0652388281156402,0.117262162585592,0.082371047562875,2.7,29166,5
9572,"      Erlangen-Höchstadt, Landkreis",103450,83,85475,0.38385492834162,0.170587891196256,0.114723603392805,0.0983211465340743,0.0624276104124013,0.104954665106756,0.0651301550160866,2,34900,5
9573,"      Fürth, Landkreis",91482,81.5,74047,0.358880170702392,0.188096749361892,0.103852958256243,0.0928869501802909,0.067740759247505,0.121422880062663,0.0671195321890151,2.7,22487,5
9574,"      Nürnberger Land, Landkreis",130070,82.2,106353,0.35710323169069,0.192641486370859,0.102799168805769,0.0897859016670898,0.0682162233317349,0.114326817297114,0.0751271708367418,2.5,30845,5
9575,"      Neustadt a.d.Aisch-Bad Windsheim, Landkreis",77403,78.1,60009,0.412471462613941,0.165675148727691,0.0888033461647419,0.0814711126664334,0.0603076205235881,0.109000316619174,0.0822709926844307,2.2,27243,5
9576,"      Roth, Landkreis",97490,81,78201,0.406184064142402,0.173297016662191,0.0907916778557819,0.082364675643534,0.0560095139448345,0.117108476873697,0.0742445748775591,2.4,27295,5
9577,"      Weißenburg-Gunzenhausen, Landkreis",72385,75.3,53861,0.425242754497689,0.177661016319786,0.088282802027441,0.0689552737602347,0.0540465271717941,0.113105957928743,0.0727056682943131,3.1,29405,5
9661,      Aschaffenburg,49763,73.5,36150,0.333416320885201,0.17701244813278,0.112780082987552,0.117482710926694,0.0806915629322268,0.119944674965422,0.0586721991701245,5.1,74152,11
9662,      Schweinfurt,37922,69.3,25987,0.317043136953092,0.200061569246162,0.0713818447685381,0.0895447723861931,0.107823142340401,0.156462846808019,0.057682687497595,6.3,98641,11
9663,      Würzburg,98602,77.3,75779,0.316908378310614,0.168014885390412,0.166022248908009,0.114068541416487,0.0925850169572045,0.0800089734623049,0.0623919555549691,3.8,59404,11
9671,"      Aschaffenburg, Landkreis",133599,81.1,107280,0.400410141685309,0.175233035048471,0.0872017151379567,0.105919090231171,0.05389634601044,0.114709172259508,0.0626304996271439,2.9,30958,11
9672,"      Bad Kissingen, Landkreis",83783,78.7,65465,0.451813946383564,0.152264568853586,0.0698235698464829,0.0918200565187505,0.0580615596120064,0.113938745894753,0.0622775528908577,3.3,31446,11
9673,"      Rhön-Grabfeld, Landkreis",64277,78.3,49927,0.466801530234142,0.142327798585935,0.0702625833717227,0.0934364171690668,0.0612894826446612,0.103771506399343,0.0621106815951289,2.6,36762,11
9674,"      Haßberge, Landkreis",67970,80.8,54510,0.420179783525959,0.180333883691066,0.0601724454228582,0.0808658961658411,0.0591451109888094,0.128600256833609,0.0707026233718584,2.7,29720,11
9675,"      Kitzingen, Landkreis",69300,79.1,54469,0.413978593328315,0.167342892287356,0.0836806256769906,0.0932824175218932,0.0535901154785291,0.108740751620188,0.0793846040867282,2.5,33331,11
9676,"      Miltenberg, Landkreis",95773,79.3,75313,0.407008086253369,0.178030353325455,0.0783397288648706,0.0967562041081885,0.0579315655995645,0.112556929082629,0.0693771327659235,2.9,32714,11
9677,"      Main-Spessart, Landkreis",100410,80.9,80655,0.428888475605976,0.192114562023433,0.0748744653152315,0.0797594693447399,0.0520612485276796,0.103886925795053,0.0684148533878867,2,34200,11
9678,"      Schweinfurt, Landkreis",91819,81.7,74485,0.441511713767873,0.159079009196483,0.0712089682486407,0.0856682553534269,0.0631133785325905,0.119701953413439,0.0597167214875478,2.5,21036,11
9679,"      Würzburg, Landkreis",127396,83.8,106128,0.410541987034524,0.182741595055028,0.104948741142771,0.0958182571988542,0.0557345846524951,0.0914084878637117,0.0588063470526157,2.1,27051,11
9761,      Augsburg,189687,72.4,136212,0.311822746894547,0.161278007811353,0.127984318562241,0.098566939770358,0.0925395706692509,0.135722256482542,0.0720861598097084,5.4,48824,10
9762,      Kaufbeuren,31316,71.8,22284,0.362547119009155,0.138260635433495,0.0980075390414647,0.112367618021899,0.081852450188476,0.140369772033746,0.0665948662717645,4.6,36296,10
9763,      Kempten (Allgäu),48267,72.1,34513,0.339611161011793,0.143482166140295,0.113493466230116,0.117202213658621,0.0748993133022339,0.134239272158317,0.0770724074986237,3.7,53401,10
9764,      Memmingen,29462,73.4,21413,0.354177368888059,0.159622659132303,0.0888712464390791,0.110073319945827,0.0619249988324849,0.152851071778826,0.0724793349834213,3.5,57281,10
9771,"      Aichach-Friedberg, Landkreis",100245,80.8,80554,0.432380763214738,0.116518112073888,0.0834471286342081,0.103719244233682,0.0438711919954316,0.142885517789309,0.0771780420587432,2.2,26002,10
9772,"      Augsburg, Landkreis",187683,79.1,147402,0.405781468365422,0.131029429722799,0.0880381541634442,0.102983677290674,0.0527062048004776,0.137501526437905,0.0819595392192779,2.5,28559,10
9773,"      Dillingen a.d.Donau, Landkreis",72289,75.6,54279,0.402273439083255,0.13419554523849,0.06741096925146,0.100204498977505,0.0458188249599293,0.166196871718344,0.0838998507710164,2.1,32542,10
9774,"      Günzburg, Landkreis",89816,74.4,66367,0.414769388400862,0.128407190320491,0.0703210933144485,0.0968553648650685,0.0477345668781171,0.159717932104811,0.0821944641162023,2.2,41795,10
9775,"      Neu-Ulm, Landkreis",123373,76.6,93811,0.375446376224537,0.152977795780879,0.0960015350012259,0.108580017268764,0.057306712432444,0.142072891238767,0.0676146720533839,2.3,35406,10
9776,"      Lindau (Bodensee), Landkreis",59631,78.2,46324,0.407326655729212,0.13250151109576,0.129241861669977,0.104028149555306,0.0698342112080131,0.0898886106553838,0.0671790000863483,2.4,36391,10
9777,"      Ostallgäu, Landkreis",105237,79.7,83435,0.450937855815905,0.114292563073051,0.0871696530233116,0.100593276203032,0.0511655779948463,0.114520285251993,0.0813207886378618,2.4,33355,10
9778,"      Unterallgäu, Landkreis",107982,78,83634,0.430458904273382,0.107181289906019,0.0726857498146687,0.103510533993352,0.0442164669871105,0.153370638735443,0.0885764162900256,1.9,35499,10
9779,"      Donau-Ries, Landkreis",100218,78.6,78278,0.446319527836685,0.1493267584762,0.0707733973785738,0.0862822248907739,0.0469863818697463,0.132336033112752,0.0679756764352692,1.9,47994,10
9780,"      Oberallgäu, Landkreis",118706,80.1,94508,0.447210818131798,0.112530156177255,0.10462606340204,0.106562407415245,0.0456046049011724,0.102975409489144,0.0804905404833453,2.6,29884,10
10041,"      Saarbrücken, Regionalverband",246897,74.2,180456,0.290563904774571,0.267599858137164,0.0743062020658776,0.0795983508445272,0.144483973932704,0.0996309349647559,0.0438167752804008,9.3,42088,32
10042,"      Merzig-Wadern, Landkreis",79847,78.1,61180,0.34761359921543,0.269352729650212,0.0528277214776071,0.0788492971559333,0.123635174893756,0.0926283099051978,0.0350931677018634,4.7,25585,32
10043,"      Neunkirchen, Landkreis",106805,74.9,78461,0.303972674322275,0.302710900957163,0.0468130663641809,0.0665298683422337,0.132843068530862,0.109047807190834,0.038082614292451,7.6,24792,32
10044,"      Saarlouis, Landkreis",155321,77.2,117718,0.336533070558453,0.267282828454442,0.0541208651183336,0.0752985949472468,0.129309026656926,0.10063031991709,0.0368252943475084,5.2,34139,32
10045,      Saarpfalz-Kreis,115221,78.5,88957,0.328405859010533,0.257911125600009,0.0636150050024169,0.0840181211146959,0.115640140742156,0.112908483874231,0.0375012646559574,5.3,38629,32
10046,"      St. Wendel, Landkreis",73173,81.5,58486,0.396539342748692,0.273022603700031,0.0474130561159936,0.0637930444892795,0.100519782512054,0.0825496700064973,0.0361625004274527,3.5,25177,32
11000,  Berlin,2503070,75.6,1869042,0.227025930931461,0.178836537648699,0.125704505302717,0.0893751986311704,0.187887698617795,0.120473483206905,0.0706966456612532,9,36798,12
12051,"      Brandenburg an der Havel, Kreisfreie Stadt",59272,65.7,38358,0.279837322071015,0.205902288961885,0.0464570624120131,0.0612127848167266,0.172532457375254,0.172558527556181,0.0614995568069242,9.3,30164,13
12052,"      Cottbus, Kreisfreie Stadt",79990,72.7,57325,0.229446140427388,0.153545573484518,0.038430004361099,0.0805233318796337,0.185381596162233,0.242564326210205,0.0701090274749237,8.8,33067,13
12053,"      Frankfurt (Oder), Kreisfreie Stadt",45822,69.2,31272,0.232220516756204,0.158096699923254,0.0476784343821949,0.0613328216935278,0.215784088002047,0.219077769250448,0.0658096699923254,8.9,34254,13
12054,"      Potsdam, Kreisfreie Stadt",132891,78.8,103772,0.216060208919554,0.182582970358093,0.109345488185638,0.08158270053579,0.212118875997379,0.127635585707127,0.0706741702964191,6,39293,13
12060,"      Barnim, Landkreis",150338,74.3,110354,0.253765155771426,0.153061964224224,0.0500299037642496,0.0618645450096961,0.205665404063287,0.205891947731845,0.0697210794352719,6.3,21055,13
12061,"      Dahme-Spreewald, Landkreis",135794,76.3,102168,0.266942682640357,0.173449612403101,0.0465703547098896,0.0712649753347428,0.162428549056456,0.214078772218307,0.0652650536371467,4.7,30896,13
12062,"      Elbe-Elster, Landkreis",87876,74.5,64236,0.29615791767856,0.154928700417212,0.0252817734603649,0.0651815181518152,0.147938850488822,0.241967121240426,0.0685441185627997,8.1,23205,13
12063,"      Havelland, Landkreis",130447,73.8,94999,0.28824513942252,0.19272834450889,0.0617690712533816,0.0738849882630343,0.146706807440078,0.179959789050411,0.0567058600616849,6.4,19593,13
12064,"      Märkisch-Oderland, Landkreis",159563,73.9,116228,0.25335547372406,0.158240699315139,0.0447224420965688,0.0659737756822797,0.202369480675913,0.208323295591424,0.0670148329146161,6.6,19911,13
12065,"      Oberhavel, Landkreis",171134,74.9,126527,0.279829601587013,0.186142088249939,0.0561935397187952,0.0726485256111344,0.149470073581133,0.193373746315016,0.06234242493697,6.2,26416,13
12066,"      Oberspreewald-Lausitz, Landkreis",94308,71.9,66702,0.257533507241162,0.160160115138976,0.0269557134718599,0.0688884891007766,0.163083565710174,0.258537974873317,0.0648406344637342,9.2,25671,13
12067,"      Oder-Spree, Landkreis",148937,72.7,106726,0.249479976762926,0.16638869628769,0.0412739163840114,0.0686149579296516,0.182279856829638,0.221370612596743,0.0705919832093398,7.3,24043,13
12068,"      Ostprignitz-Ruppin, Landkreis",83395,68.1,55967,0.297729018886129,0.203780799399646,0.0395590258545214,0.0531920596065539,0.167652366573159,0.184841067057373,0.0532456626226169,7.7,25063,13
12069,"      Potsdam-Mittelmark, Landkreis",171603,77.8,131872,0.289621754428537,0.193255581169619,0.0726234530453773,0.0917632249454016,0.144359682115991,0.153671742295559,0.0547045619995147,4.9,23939,13
12070,"      Prignitz, Landkreis",65244,69.5,44683,0.303650157778126,0.218405210035136,0.029787614976613,0.0582995770203433,0.164111630821565,0.183447843698946,0.0422979656692702,9.1,24587,13
12071,"      Spree-Neiße, Landkreis",98686,75,72703,0.250512358499649,0.150296411427314,0.0259961762238147,0.0732431949163033,0.148948461549042,0.28884640248683,0.0621569948970469,7.4,30723,13
12072,"      Teltow-Fläming, Landkreis",135020,73.5,97812,0.270610967979389,0.185273790536948,0.0468858626753364,0.0767186030343925,0.156964380648591,0.199576739050423,0.0639696560749192,5.6,33467,13
12073,"      Uckermark, Landkreis",101239,69.4,69127,0.301213708102478,0.17757171582739,0.0328091773113255,0.0511088286776513,0.177716377103013,0.20790718532556,0.0516730076525815,12.4,27464,13
13003,"      Kreisfreie Stadt Rostock, Hansestadt",168771,72.2,120622,0.284467178458324,0.164190611994495,0.069920909950092,0.0635207507751488,0.221253171063322,0.146747691134287,0.0498996866243306,8.7,34910,19
13004,"      Kreisfreie Stadt Schwerin, Landeshauptstadt",76665,72.5,55043,0.300692186109042,0.185618516432607,0.0533037806805588,0.0663117925985139,0.190596442781098,0.156132478244282,0.0473448031538979,9.1,36917,19
14511,"      Chemnitz, Stadt",195929,75.1,145871,0.248644350144991,0.119098381446621,0.0467399277443769,0.0835258550362992,0.192018975670284,0.24306407716407,0.0669084327933585,7.6,34166,34
14521,      Erzgebirgskreis,288076,75.6,214490,0.309576204018835,0.0955895379737983,0.0231059723064012,0.0729544500909133,0.143433260291855,0.289015804932631,0.0663247703855658,5.4,22288,34
14522,"      Mittelsachsen, Landkreis",256511,75,190229,0.282501616472778,0.100068864368735,0.0275667747819733,0.0788050192136846,0.145776932013521,0.303570959212318,0.0617098339369917,5.9,26370,34
14523,      Vogtlandkreis,193081,73.9,140861,0.302454192430836,0.113892418767437,0.0302851747467361,0.0720852471585464,0.160285671690532,0.264210817756512,0.0567864774494005,5.9,24294,34
14524,"      Zwickau, Landkreis",269048,73.2,194153,0.303162969410722,0.108445401307216,0.0296158184524576,0.0774080235690409,0.163855309987484,0.259820862927691,0.0576916143453874,5.8,30042,34
14612,"      Dresden, Stadt",429448,79.1,336654,0.234992009600361,0.102244440879954,0.0871428826035039,0.0992175943253311,0.175913549222644,0.225213423871393,0.0752760994968128,6.6,37993,35
14625,"      Bautzen, Landkreis",252642,75.7,188470,0.269432800976283,0.0911550909959145,0.0262906563378787,0.0796625457632514,0.14017615535629,0.324507879238075,0.0687748713323075,6.2,24805,35
14626,"      Görlitz, Landkreis",213021,73.3,153720,0.26671870934166,0.0926945094977882,0.0291178766588603,0.0703226645849597,0.140085870413739,0.328851157949519,0.0722092115534738,9.2,25269,35
14627,"      Meißen, Landkreis",201310,76,150913,0.261117332502833,0.0871230444030667,0.0366502554451903,0.0871760550780914,0.133262210677675,0.328765580168706,0.0659055217244373,6.5,27162,35
14628,"      Sächsische Schweiz-Osterzgebirge, Landkreis",202580,77.2,154375,0.256395141700405,0.0779919028340081,0.0300761133603239,0.0828825910931174,0.127663157894737,0.354649392712551,0.0703417004048583,5.7,21986,35
14713,"      Leipzig, Stadt",448372,75.1,333714,0.226939834708763,0.130048484630552,0.0882612057030871,0.0851957065031734,0.210344786254098,0.182986029953793,0.0762239522465345,7.7,35123,36
14729,"      Leipzig, Landkreis",215616,74.8,159391,0.300794900590372,0.113801908514282,0.0323543989309309,0.0806758223488152,0.146608026802015,0.268666361337842,0.057098581475742,6.1,25385,36
14730,"      Nordsachsen, Landkreis",163916,72.1,116563,0.294441632421952,0.12455925122037,0.0259173150999888,0.0788329058105917,0.147328054356871,0.268532896373635,0.060387944716591,7.8,25923,36
15001,"      Dessau-Roßlau, Kreisfreie Stadt",68441,69.7,47078,0.293555376184205,0.143485279748503,0.047261990738774,0.081354348103148,0.18146480309274,0.20056077148562,0.0523174306470113,8.8,28907,33
15002,"      Halle (Saale), Kreisfreie Stadt",186409,70.7,129904,0.256781931272324,0.144160302992979,0.0757097548959231,0.0880034487005789,0.198569713018845,0.171118672250277,0.0656561768690725,9.9,29013,33
15003,"      Magdeburg, Kreisfreie Stadt",190332,69.4,130498,0.266394887277966,0.169305276709222,0.0595411423929869,0.0813958834618155,0.191826694661987,0.157182485555334,0.0743536299406887,9.3,32978,33
15081,      Altmarkkreis Salzwedel,70625,67.7,47277,0.339932736848785,0.173995811917,0.0345834126530871,0.0668824163969795,0.185629375806418,0.155509021299998,0.0434672250777334,7.8,23022,33
15082,"      Anhalt-Bitterfeld, Landkreis",137721,67.1,90974,0.308901444368721,0.136291687734957,0.0241497570734496,0.0733616198034603,0.175258865170268,0.223954096774903,0.058082529074241,8.1,27081,33
15083,"      Börde, Landkreis",144052,67.9,96143,0.32483904184392,0.163964095149933,0.02796875487555,0.075658134237542,0.162403919162081,0.187720374858284,0.0574456798726896,5.9,27733,33
15084,      Burgenlandkreis,151811,68,101610,0.301476232654266,0.132162188760949,0.0261194764294853,0.0782796968802283,0.163871666174589,0.243342190729259,0.0547485483712233,8.1,23703,33
15085,"      Harz, Landkreis",185546,66.8,122262,0.340269257823363,0.162863359015884,0.0359473916670756,0.0701771605241203,0.175246601560583,0.164621877607106,0.0508743518018681,6.4,22464,33
15086,"      Jerichower Land, Landkreis",76734,68.7,51945,0.314467224949466,0.159572624891712,0.0297814996631052,0.0796804312253345,0.172124362306285,0.1897583983059,0.0546154586581962,7.8,23795,33
15087,"      Mansfeld-Südharz, Landkreis",118664,66.7,77929,0.286440221227014,0.15107341297848,0.0207368245454196,0.0730665092584275,0.180087002271298,0.23893544123497,0.0496605884843896,11.1,19332,33
15088,      Saalekreis,156523,70,107995,0.295847029955091,0.131487568868929,0.0274827538311959,0.090939395342377,0.160775961850086,0.239964813185796,0.0535024769665262,7.6,32022,33
15089,      Salzlandkreis,164469,64.4,104113,0.310643243398999,0.156675919433692,0.0252129897323101,0.0728727440377282,0.178738486068022,0.204076340130435,0.0517802771988128,9.8,24155,33
15090,"      Stendal, Landkreis",95000,66.7,62586,0.318777362349407,0.16768925957882,0.0321637426900585,0.0747131946441696,0.184865624900137,0.176828683731186,0.0449621321062218,10.1,23629,33
15091,"      Wittenberg, Landkreis",108564,69.8,74666,0.333900302681274,0.142032518147483,0.0277770337235154,0.068438111054563,0.168202394664238,0.199354458521951,0.0602951812069751,7.9,24727,33
16051,"      Erfurt, krsfr. Stadt",166560,75.6,124352,0.251712879567679,0.143680841482244,0.0704612712300566,0.0857806870818322,0.196128731343284,0.185288535769429,0.0669470535254761,6.8,38284,38
16052,"      Gera, krsfr. Stadt",78746,72.2,56144,0.226043744656597,0.105371900826446,0.0295490168139071,0.0834105158164719,0.207056853804503,0.285177400968937,0.0633905671131376,9.8,27391,38
16053,"      Jena, krsfr. Stadt",83027,78.9,65054,0.230208749654133,0.134811080025825,0.102053678482491,0.094659821071725,0.22750330494666,0.143711378239616,0.0670519875795493,6.1,40609,38
16054,"      Suhl, krsfr. Stadt",29677,71.7,21007,0.257485600038083,0.132384443280811,0.037463702575332,0.0757842623887276,0.23339839101252,0.198552863331271,0.0649307373732565,5.3,30053,38
16055,"      Weimar, krsfr. Stadt",50104,75.8,37520,0.256902985074627,0.137686567164179,0.0991204690831557,0.0853411513859275,0.192857142857143,0.160554371002132,0.0675373134328358,6.5,31147,38
16056,"      Eisenach, krsfr. Stadt",33655,73.1,24248,0.252721873968987,0.1499092708677,0.0475503134279116,0.0760062685582316,0.181128340481689,0.190324975255691,0.102358957439789,7.1,40821,38
16061,"      Eichsfeld, Kreis",82004,76.8,62267,0.439108998345833,0.113157852474023,0.0326175984068608,0.08461946135192,0.091541265839048,0.181829861724509,0.0571249618578059,4.3,25690,38
16062,"      Nordhausen, Kreis",70495,70,48473,0.280382893569616,0.165494192643327,0.0346997297464568,0.071091122893157,0.175128422008128,0.211230994574299,0.0619726445650156,7.5,25152,38
16063,      Wartburgkreis,103299,74.8,76208,0.310964728112534,0.142570333823221,0.032621247113164,0.0656361536846525,0.154143921897963,0.225409405836658,0.0686542095318077,4.4,25399,38
16064,      Unstrut-Hainich-Kreis,85604,71.7,60430,0.306371007777594,0.14406751613437,0.0323845771967566,0.0777759391030945,0.149462187655138,0.232186000330961,0.0577527718020851,8.2,24264,38
16065,      Kyffhäuserkreis,64174,71.7,45189,0.259664962712164,0.145699174577884,0.0235676824005842,0.0721193210737126,0.186417048396734,0.24990595056319,0.0626258602757308,8.7,20836,38
16066,"      Schmalkalden-Meiningen, Kreis",103660,73.2,74858,0.319832215661653,0.14049266611451,0.0360282134174036,0.067648080365492,0.159101231665286,0.216249432258409,0.060648160517246,4.5,26766,38
16067,"      Gotha, Kreis",109619,73.5,79376,0.286812134650272,0.144754081838339,0.0335869784317678,0.0763328965934287,0.155223241282,0.232249042531748,0.0710416246724451,5.7,26832,38
16068,"      Sömmerda, Kreis",58257,73.2,41978,0.297655915003097,0.119419696031254,0.0290866644432798,0.0772309304873982,0.162751917671161,0.242460336366668,0.0713945399971414,6.1,23335,38
16069,"      Hildburghausen, Kreis",53456,73.6,38896,0.300827848621966,0.131041752365282,0.0290518305224188,0.0627828054298643,0.161276223776224,0.252185314685315,0.0628342245989305,3.9,23229,38
16070,      Ilm-Kreis,88722,76.1,66502,0.267811494391146,0.133845598628613,0.0412769540765691,0.0775766142371658,0.159378665303299,0.250458632823073,0.0696520405401341,5.8,28331,38
16071,"      Weimarer Land, Kreis",67184,76.4,50610,0.313159454653231,0.115965224263979,0.0360007903576368,0.0849832049002174,0.144121715076072,0.2371072910492,0.0686623196996641,4.5,23844,38
16072,"      Sonneberg, Kreis",47653,70.8,33337,0.297087320394757,0.132915379308276,0.0283468818429973,0.0659927407985122,0.161412244653088,0.255721870594235,0.0585235624081351,3.6,26767,38
16073,"      Saalfeld-Rudolstadt, Kreis",92002,73.4,66745,0.263854970409769,0.121731964941194,0.0309536294853547,0.0759607461233051,0.163487901715484,0.269832946288111,0.0741778410367818,5.9,25951,38
16074,      Saale-Holzland-Kreis,68855,76.9,52285,0.300047814860859,0.116515252940614,0.0325906091613273,0.0855503490484843,0.168729080998374,0.234828344649517,0.0617385483408243,5,22221,38
16075,      Saale-Orla-Kreis,68269,75.2,50721,0.285286173379862,0.12243449458804,0.0266950572741074,0.0722777547761282,0.164704954555312,0.265215591175253,0.0633859742512963,5.2,27370,38
16076,"      Greiz, Kreis",84711,76,63402,0.301867448976373,0.113103687580833,0.0279959622724835,0.0862433361723605,0.156856250591464,0.255559761521719,0.058373552884767,5.7,22184,38
16077,"      Altenburger Land, Kreis",77281,72.1,54846,0.289173321664296,0.123217736936148,0.023246909528498,0.0759216715895416,0.161032709769172,0.274605258359771,0.0528023921525727,8.6,21462,38